<?xml version="1.0" encoding="UTF-8"?>
<project-private xmlns="http://www.netbeans.org/ns/project-private/1">
    <editor-bookmarks xmlns="http://www.netbeans.org/ns/editor-bookmarks/2" lastBookmarkId="1">
        <file>
            <url>src/cpu_scheduling/project/Fcfs.java</url>
            <bookmark id="1">
                <name/>
                <line>7</line>
                <key/>
            </bookmark>
        </file>
    </editor-bookmarks>
    <open-files xmlns="http://www.netbeans.org/ns/projectui-open-files/2">
        <group>
            <file>file:/C:/Users/User/Desktop/final%20project3/final%20project3/Cpu_scheduling%20project/src/gui/SJFJFrame.java</file>
            <file>file:/C:/Users/User/Desktop/final%20project3/final%20project3/Cpu_scheduling%20project/src/cpu_scheduling/project/Algorithmpriority.java</file>
            <file>file:/C:/Users/User/Desktop/final%20project3/final%20project3/Cpu_scheduling%20project/src/gui/pnpJFrame.java</file>
            <file>file:/C:/Users/User/Desktop/final%20project3/final%20project3/Cpu_scheduling%20project/src/gui/CpuSchedulingJFrame.java</file>
            <file>file:/C:/Users/User/Desktop/final%20project3/final%20project3/Cpu_scheduling%20project/src/gui/RRJFrame.java</file>
            <file>file:/C:/Users/User/Desktop/final%20project3/final%20project3/Cpu_scheduling%20project/src/gui/FCFSJFrame.java</file>
        </group>
    </open-files>
</project-private>
